Image,SaltPepper_Prob,Gaussian_Sigma,PSNR_Noisy,SSIM_Noisy,PSNR_ISTA_Result,SSIM_ISTA_Result,PSNR_BM3D_Result,SSIM_BM3D_Result
HappyFish.jpg,0.02,0.25,14.104496505594593,0.21688735030091918,14.775971239029706,0.24030834846975815,13.294981428346622,0.24380370284639327
baboon.png,0.02,0.25,12.737824488113919,0.23614527009302322,14.332799037348849,0.2972788670892231,14.168707198768791,0.2698583816255391
barbara.bmp,0.02,0.25,12.883225360007756,0.15868251235977285,14.77154830315474,0.20916604689497703,14.533691149419319,0.19506988865771502
boat.png,0.02,0.25,12.799098491835787,0.13639007026768202,14.64017321409613,0.18987271330791075,14.489515480302668,0.16713325450183103
cameraman.tif,0.02,0.25,13.083014712037915,0.10765118125538355,15.112772497347597,0.15597769395178096,14.858922950150053,0.13304743726994253
fruits.png,0.02,0.25,13.166119308251085,0.09036328658546579,14.606150442244104,0.12448852933617956,14.87155821094101,0.11261707335565727
house.tif,0.02,0.25,13.079777684454527,0.07570091504373119,14.75788348738132,0.11296818179090731,14.827885398409562,0.09886326223650138
jetplane.tif,0.02,0.25,13.332716928236724,0.1227905763551616,14.570701305491587,0.1656071144048929,14.972771079232846,0.14923879927526065
lake.tif,0.02,0.25,13.25776282806965,0.16410476425154089,15.053114654911289,0.22242963844109312,14.826961986724143,0.19611364722841382
lena.bmp,0.02,0.25,12.86982945479756,0.10577537486585915,14.75927686969592,0.15276694919066347,14.602340966757314,0.1336564207808893
lena_color_256.tif,0.02,0.25,12.849372383511525,0.15760073395474947,14.22825868533864,0.212506608545757,14.449282806776974,0.1923935348295888
lena_color_512.tif,0.02,0.25,12.851529209372462,0.10485225781096881,14.246670845091876,0.14871026732695505,14.506967607913772,0.13177285907848332
lena_gray_256.tif,0.02,0.25,12.857810069250382,0.16504695617984422,14.657136970139401,0.22149533620124087,14.481271344643424,0.1997175018774911
lena_gray_512.tif,0.02,0.25,12.860916581256634,0.10251680449674246,14.745437897500963,0.1490007536944583,14.588327840142794,0.13023445261999894
livingroom.tif,0.02,0.25,12.773782344521255,0.1436864586749129,14.666521065805744,0.20035461140115282,14.457201947940636,0.1772244334213946
mandril_color.tif,0.02,0.25,12.762099399106086,0.2420734163886773,14.427744260447541,0.30244169493420525,14.186193643507304,0.27580681405064
mandril_gray.tif,0.02,0.25,12.708064718953349,0.18535993996120756,14.482727167031193,0.2585868064759894,14.256903913315902,0.22213112186786302
peppers.png,0.02,0.25,13.091540058308517,0.10674143081561979,14.908433603812982,0.15215422885823554,14.720819883499068,0.1340589910818275
peppers_color.tif,0.02,0.25,13.34753884714846,0.19592148453714717,15.026610217553698,0.24203544898303744,14.904280170444373,0.22450837251241285
peppers_gray.tif,0.02,0.25,12.963208718809751,0.10165002690719144,14.904940082733644,0.14770910910426335,14.677543103191727,0.12936516962650924
pirate.tif,0.02,0.25,12.905607456625424,0.12498499997737332,14.896254175895987,0.1799443080379028,14.58418842751377,0.15432604756847565
tulips.png,0.02,0.25,13.120430322975924,0.1448819773395843,15.191316300072181,0.21252198649209128,14.791646860471268,0.18176540622402013
walkbridge.tif,0.02,0.25,12.992212575132392,0.20406507756950062,14.83683419777311,0.2750519872017779,14.518470420959051,0.2409239406760937
woman_blonde.tif,0.02,0.25,12.754203274242318,0.10441848289747581,14.488183487934023,0.14705063667085974,14.456871530319365,0.1305869146128145
woman_darkhair.tif,0.02,0.25,13.236690486319478,0.05741772655892908,15.290014334004884,0.09380185517040827,14.973504983560325,0.07841917650380331
HappyFish.jpg,0.02,0.37929,11.109221737124633,0.1543619941831192,11.688110722054333,0.17008618094128708,10.562382318130432,0.16029294342817593
baboon.png,0.02,0.37929,10.261884383968527,0.13908215856789505,11.324061645545495,0.16789336778077624,10.637599180661114,0.14521061525107437
barbara.bmp,0.02,0.37929,10.347457133720058,0.09391074696351819,11.656123565365522,0.11612440310702055,10.769111798907707,0.10044920642349074
boat.png,0.02,0.37929,10.296202907436353,0.0799904060359081,11.40316127382966,0.10234060003584781,10.717142672773054,0.08527414078819898
cameraman.tif,0.02,0.37929,10.438227745268101,0.06622334063876602,11.673099552602507,0.08609659315455194,10.898237224641905,0.07125225679905674
fruits.png,0.02,0.37929,10.54816236794464,0.053855280986072195,11.365199194259946,0.06731201112171907,11.01740035310243,0.057575775694042604
house.tif,0.02,0.37929,10.459709589651268,0.044301152517344,11.599567500368433,0.05962548431199116,10.92663607980853,0.048519353757081406
jetplane.tif,0.02,0.37929,10.648409592039105,0.07432951714521599,11.34418330772527,0.09361261523458084,11.129085438365458,0.07982645640711668
lake.tif,0.02,0.37929,10.607531049505766,0.09905175342784654,11.875668774934088,0.12787173076401742,11.067249761777056,0.10592403931141135
lena.bmp,0.02,0.37929,10.30637572031085,0.06058609085426084,11.519096227396737,0.080084172210076,10.730585525683903,0.0654081375056149
lena_color_256.tif,0.02,0.37929,10.336882741319329,0.09407748495378779,11.409798328400901,0.1198566560545323,10.75811655259262,0.10101800215398553
lena_color_512.tif,0.02,0.37929,10.343838729120918,0.060725018314246135,11.414455062964983,0.07945392046583596,10.777091406670996,0.0656048819363572
lena_gray_256.tif,0.02,0.37929,10.323247708560345,0.09795557056172498,11.516751424330584,0.12447854326815495,10.745742001293642,0.10475927556125696
lena_gray_512.tif,0.02,0.37929,10.327220220905588,0.05915637205026841,11.543515742982276,0.078576232889588,10.752582739200298,0.06356241013786354
livingroom.tif,0.02,0.37929,10.265627076069872,0.08181048241748512,11.473307046953323,0.1054310809625141,10.682807151819322,0.08755251272215502
mandril_color.tif,0.02,0.37929,10.26484527287975,0.14245051540632844,11.395374935418005,0.17157574656158175,10.637016941245099,0.14839186385377515
mandril_gray.tif,0.02,0.37929,10.218297251995079,0.10620064054784875,11.329071827227445,0.13697968491550713,10.60914224897122,0.11222325371279783
peppers.png,0.02,0.37929,10.550542097185769,0.06262639010623851,11.78767606749753,0.08174520066043998,11.000531363342514,0.06798491326470711
peppers_color.tif,0.02,0.37929,10.642870921156156,0.12478437249805897,11.830166297854248,0.14882998007722056,11.097809546488884,0.1318514025108279
peppers_gray.tif,0.02,0.37929,10.413084978265433,0.058590801913479554,11.703224351597715,0.07755835057833153,10.863727728727138,0.06352960791854302
pirate.tif,0.02,0.37929,10.376153962844787,0.07255181245842976,11.727164931142589,0.09535761771280876,10.807940388006262,0.07768232669759259
tulips.png,0.02,0.37929,10.501626889673798,0.08460861607345671,11.963107091778236,0.1130766054235393,10.950661678520826,0.09133648635707402
walkbridge.tif,0.02,0.37929,10.410463737260322,0.11692654816588485,11.742258790004252,0.14922346677116058,10.825625471904383,0.1239083655591784
woman_blonde.tif,0.02,0.37929,10.261729965406403,0.06184753880692405,11.315570791371417,0.07876957198821394,10.682514575788174,0.06621192531746241
woman_darkhair.tif,0.02,0.37929,10.587215642671035,0.03148345284573892,12.09853270217643,0.04474587801323666,11.06665319604925,0.03469267704574995
HappyFish.jpg,0.02,0.42,10.36142226284481,0.13604691797370339,10.874605832012536,0.1501177950848355,9.850235672286017,0.14001207535126786
baboon.png,0.02,0.42,9.771826229756723,0.12253871634216447,10.67876197154968,0.14567468566677755,10.031013838897419,0.12640048681880786
barbara.bmp,0.02,0.42,9.825559615576703,0.08102305109930284,10.978256346647202,0.09825920463053738,10.118121231982077,0.0850683508274963
boat.png,0.02,0.42,9.792790116638173,0.07201367242711733,10.730351488308925,0.09022020540232507,10.076982889285057,0.07547310174379022
cameraman.tif,0.02,0.42,9.916166738974567,0.05861455866399086,10.978755680228797,0.07468870334235753,10.234246487135469,0.06182272626320244
fruits.png,0.02,0.42,10.004284185967105,0.047854899797944314,10.671330230351614,0.05845290152798976,10.32929246642678,0.050321177882058345
house.tif,0.02,0.42,9.943495771925306,0.03824817463760024,10.926011673576717,0.050052977340804286,10.270514615551674,0.04108074646296661
jetplane.tif,0.02,0.42,10.088034644939475,0.06595911752673639,10.64958433865209,0.08135789112000352,10.426031147664167,0.06944596235290118
lake.tif,0.02,0.42,10.05361452641252,0.08628000368437597,11.165525076953424,0.1093444651813251,10.38048159134239,0.09072100616303763
lena.bmp,0.02,0.42,9.809261381461974,0.052786177635462395,10.860363574197336,0.06821828388996426,10.106202536745382,0.05585837942721974
lena_color_256.tif,0.02,0.42,9.84201761623006,0.0823078839539933,10.790899524218478,0.10309170757258648,10.140629549824,0.08689864421984113
lena_color_512.tif,0.02,0.42,9.85560522123884,0.05241373668483744,10.800087626093308,0.06689137260556989,10.155280937186134,0.05548868250459533
lena_gray_256.tif,0.02,0.42,9.795040759795564,0.08474036411812623,10.812967649811496,0.10509328908792362,10.071748294714098,0.0889585921452058
lena_gray_512.tif,0.02,0.42,9.813709570187113,0.052426227320978826,10.864308937531167,0.06742707438920618,10.10968276749278,0.05535524438177054
livingroom.tif,0.02,0.42,9.770958806641433,0.07235558307906863,10.811027306676612,0.09086156402805735,10.0518853417077,0.07591023402216507
mandril_color.tif,0.02,0.42,9.77339061676376,0.12500330541290525,10.755984998034826,0.1488530622586901,10.029547856273169,0.12882312854074973
mandril_gray.tif,0.02,0.42,9.746385645610538,0.0930101824361733,10.709444383155875,0.11700365597421276,10.02111804043893,0.09672410375363057
peppers.png,0.02,0.42,10.044181415700786,0.0554179762845375,11.130108300988933,0.07079023050374662,10.356330114745491,0.05885706612503355
peppers_color.tif,0.02,0.42,10.056387808381604,0.1106306199204228,11.106099566838699,0.13038410678397852,10.37631961698966,0.11514449889876223
peppers_gray.tif,0.02,0.42,9.879207578483305,0.050996323020291626,11.006363870422991,0.06537364722847912,10.189086833337003,0.054158628059893826
pirate.tif,0.02,0.42,9.832074626791561,0.06242068081455163,11.022908145724191,0.07993941515694811,10.125277677365474,0.06551018461380387
tulips.png,0.02,0.42,9.938798171083107,0.07413251284255623,11.229218854848547,0.09633919053833301,10.254821670900288,0.07842525792408966
walkbridge.tif,0.02,0.42,9.895749513614033,0.10429850613605395,11.074935315844199,0.13012677762395441,10.187242529674537,0.10887383148504684
woman_blonde.tif,0.02,0.42,9.761866225771147,0.05380028088779255,10.650857210474163,0.06698603143355199,10.050133515604271,0.05661318325822377
woman_darkhair.tif,0.02,0.42,10.025198210059777,0.02733325646012704,11.36571604030578,0.0375177695228238,10.362955015291123,0.02935026571077837
HappyFish.jpg,0.037,0.25,14.089125372301755,0.21689402577179914,14.797340952504952,0.24024704122297633,13.270345058720167,0.24324439290972122
baboon.png,0.037,0.25,12.746012186801272,0.23578280825876474,14.355322507016375,0.2969438421407693,14.17740154180744,0.2691008173878663
barbara.bmp,0.037,0.25,12.891305155468809,0.15990965588767625,14.771713958744009,0.209546339485285,14.543956393009118,0.19658434127734004
boat.png,0.037,0.25,12.803943196493046,0.13479254716068045,14.656910664712434,0.1881913161962436,14.49822162054829,0.16510383710177345
cameraman.tif,0.037,0.25,13.082943321104622,0.10710724134650597,15.104835238384403,0.1555004544965027,14.848961690160536,0.13254780213715062
fruits.png,0.037,0.25,13.157654075156968,0.08953001706998184,14.602295656035377,0.12361032566524445,14.863458574078498,0.11175111699168568
house.tif,0.037,0.25,13.079878781868842,0.07578653571746376,14.773143691703263,0.11325459419296323,14.86226528174726,0.09954806465352785
jetplane.tif,0.037,0.25,13.371429658716096,0.12333947881533272,14.604342590238584,0.16638644455463053,15.031671795555422,0.15098842567900167
lake.tif,0.037,0.25,13.27231134100411,0.16463670628837204,15.053507896587504,0.22294509148920832,14.841803214123619,0.19675044321931529
lena.bmp,0.037,0.25,12.84946385213241,0.1049622715181331,14.720895729667706,0.15143942213525624,14.554990635125048,0.1324625123371588
lena_color_256.tif,0.037,0.25,12.86146437947696,0.1605940384900464,14.230723983905875,0.2164252441494239,14.449582025978426,0.19473296727808792
lena_color_512.tif,0.037,0.25,12.857435263212679,0.10360380528333771,14.260201476864685,0.14768759843653292,14.5553402887339,0.1317634866398904
lena_gray_256.tif,0.037,0.25,12.833811525760527,0.16509682699126316,14.673619616872815,0.2222338315178984,14.475532623412217,0.19938573998808803
lena_gray_512.tif,0.037,0.25,12.854751424641162,0.10202402842619558,14.708039515066918,0.1482310232401231,14.57971270810626,0.12932487428812295
livingroom.tif,0.037,0.25,12.758441126007655,0.14222580208330418,14.637267783655226,0.199157303536587,14.416413999824156,0.17496654632903208
mandril_color.tif,0.037,0.25,12.782667096724392,0.24218217091988137,14.447858022479247,0.30327786400709394,14.204006176584077,0.27564746722247585
mandril_gray.tif,0.037,0.25,12.708137175641754,0.18508768714770904,14.49461182486501,0.2585907595058983,14.282530401295093,0.22217655034952782
peppers.png,0.037,0.25,13.11033563721625,0.10698106248898721,14.9229538844432,0.15283372608427315,14.762685523384064,0.1355176326869671
peppers_color.tif,0.037,0.25,13.361803637250734,0.1971013334660048,15.039331692796662,0.2436815525759313,14.93624163013292,0.2263648863324924
peppers_gray.tif,0.037,0.25,12.972916581517165,0.10188793694866417,14.917855041251592,0.1484377078804035,14.700517676960166,0.12996355278197214
pirate.tif,0.037,0.25,12.90500524513976,0.1260184606848391,14.890309647300132,0.18084228279647388,14.556321145515756,0.15538544828164869
tulips.png,0.037,0.25,13.148905735105583,0.14620087263050796,15.223105828652672,0.21401989919571726,14.834297797314807,0.18406736405572657
walkbridge.tif,0.037,0.25,12.953466350305948,0.2017183565807598,14.805987214407947,0.2720316947022025,14.45229800950887,0.2377912461015278
woman_blonde.tif,0.037,0.25,12.769619040151259,0.10585921080874837,14.523513553752437,0.14912647664341575,14.465949038350788,0.13195708256438873
woman_darkhair.tif,0.037,0.25,13.24427572505925,0.05669245831903102,15.297652496046332,0.09272819076778904,14.998485081008695,0.077701061149706
HappyFish.jpg,0.037,0.37929,11.03315372820031,0.14953427507231074,11.641743210391756,0.1651893256040558,10.497365848548231,0.15525573329868975
baboon.png,0.037,0.37929,10.261039243686323,0.14052600739777324,11.308289054234027,0.16931231501483504,10.632374162336838,0.14646219668670052
barbara.bmp,0.037,0.37929,10.348258298830046,0.09302073135960665,11.653808637402236,0.11514144695148641,10.771473753561986,0.09963042806757832
boat.png,0.037,0.37929,10.279203840582195,0.0804618474085857,11.388942298347153,0.10291614364849948,10.695988193035706,0.08588112822735737
cameraman.tif,0.037,0.37929,10.44345339868423,0.0656298980640551,11.66376846384174,0.08554942034713658,10.899405591915272,0.07048658809280774
fruits.png,0.037,0.37929,10.533847986686142,0.05410374547092599,11.35014235692057,0.06752736872657457,10.998422015962896,0.05791823430944863
house.tif,0.037,0.37929,10.477692211945122,0.04445212796852555,11.61864891193179,0.05954224569981842,10.946349229215608,0.048723710603992505
jetplane.tif,0.037,0.37929,10.621905710109294,0.07424193374548307,11.308141558299758,0.0933156305973709,11.096924190603094,0.07951698455973305
lake.tif,0.037,0.37929,10.598278682455224,0.098829457868658,11.8711488077156,0.12737316629796883,11.062555803957046,0.10571085250377107
lena.bmp,0.037,0.37929,10.297845481550041,0.06039707990330887,11.50350697634883,0.07952446993637506,10.723243373433418,0.06502673766474454
lena_color_256.tif,0.037,0.37929,10.35870730905624,0.0960549481986888,11.416706338736818,0.12157697952446342,10.7644414378575,0.10256052139263445
lena_color_512.tif,0.037,0.37929,10.361691418647098,0.06078893516706523,11.431556839755352,0.07940167721516066,10.793889006466987,0.06565675241371162
lena_gray_256.tif,0.037,0.37929,10.334027172160884,0.09949822448101245,11.52912086345747,0.12735466112919883,10.751313102913764,0.10652215045069921
lena_gray_512.tif,0.037,0.37929,10.315294112595023,0.05876933002924848,11.524185206473675,0.077495483587639,10.747432955702214,0.06342559525872277
livingroom.tif,0.037,0.37929,10.262332114827068,0.08243938088740951,11.464033758854935,0.10621478798673713,10.673158355189596,0.08792515675966357
mandril_color.tif,0.037,0.37929,10.272492077070819,0.14302878140311934,11.417374040846687,0.17271861650638345,10.648268395231984,0.14959569624720476
mandril_gray.tif,0.037,0.37929,10.213240346854796,0.10586173433010101,11.328594471553528,0.1363907252348534,10.604827792743412,0.11199268663406851
peppers.png,0.037,0.37929,10.56203011557386,0.06400098464091962,11.795011524451144,0.08333163329153445,11.009377637833941,0.06939331307601651
peppers_color.tif,0.037,0.37929,10.636187623689038,0.1244222586272633,11.83022490538317,0.1484535099356314,11.090485327138914,0.13108262267627047
peppers_gray.tif,0.037,0.37929,10.383371980898549,0.05923431279764224,11.672001011645479,0.07813568978033965,10.827411102885872,0.06414928398803578
pirate.tif,0.037,0.37929,10.335299540607025,0.07141980632055692,11.683065049116145,0.09388945401475812,10.758576047208305,0.07635208999996321
tulips.png,0.037,0.37929,10.494220184223963,0.08400319569054225,11.956637145511683,0.11251024472248193,10.949257783140428,0.09091487515826754
walkbridge.tif,0.037,0.37929,10.43459306377504,0.11913256846680201,11.770123028272462,0.15197414923767177,10.85331961190375,0.12644354223933177
woman_blonde.tif,0.037,0.37929,10.25997970468606,0.06100188509262045,11.309956515340396,0.07754689100618119,10.678342362422281,0.06530252153908693
woman_darkhair.tif,0.037,0.37929,10.605601596074337,0.03182647734502996,12.121402465333373,0.045163846048797106,11.088383230472223,0.03512766228407999
HappyFish.jpg,0.037,0.42,10.347182911955633,0.1388232030531874,10.862922920820141,0.15249434094421765,9.841033765331913,0.14274252291881695
baboon.png,0.037,0.42,9.762269901346524,0.12190638555362587,10.666408857789664,0.1448887391761736,10.015387713427852,0.12560047789030815
barbara.bmp,0.037,0.42,9.843877734746073,0.0819168976207521,10.983681494528824,0.09877536661557396,10.136205807412777,0.08612900469882587
boat.png,0.037,0.42,9.765001276754377,0.06944691396053858,10.701248928428893,0.08676348088759682,10.052851990977722,0.07273143014730216
cameraman.tif,0.037,0.42,9.913326885055623,0.05779543101545011,10.962734985103946,0.07320187885039856,10.23284901223992,0.0610337920318078
fruits.png,0.037,0.42,9.988741954543999,0.04726276523618966,10.659894695218476,0.05760088673920489,10.317782853213997,0.04966856470142034
house.tif,0.037,0.42,9.92937802894419,0.03848034214825129,10.906110181941388,0.05021611026205569,10.249785336552154,0.04109372582550246
jetplane.tif,0.037,0.42,10.058066329854537,0.06601091753099281,10.61735804241608,0.0815751880585513,10.388958657782199,0.06954354843620972
lake.tif,0.037,0.42,10.041037950853688,0.08708083797300979,11.152485182288363,0.11044135434097378,10.364163691790093,0.09169770237106359
lena.bmp,0.037,0.42,9.81717894327523,0.05279758174265006,10.859001167318176,0.06794587724051414,10.115327920761825,0.05586204454394816
lena_color_256.tif,0.037,0.42,9.866128938603309,0.08304118129560725,10.809622672936435,0.10358068217242555,10.154271237705686,0.08741008252587912
lena_color_512.tif,0.037,0.42,9.863391077118543,0.05433671165155228,10.819634172324777,0.0696760974248201,10.164660323095433,0.05746787422549603
lena_gray_256.tif,0.037,0.42,9.843413184837145,0.08795361513934305,10.874561437424594,0.10977642321542899,10.13496675539303,0.09246878905507569
lena_gray_512.tif,0.037,0.42,9.83142325104738,0.05283172612044292,10.883911394581567,0.06834324475909372,10.131797615364938,0.056003024590515774
livingroom.tif,0.037,0.42,9.758903890307547,0.07154642140089476,10.802881559983074,0.09042030065493974,10.041392621033875,0.07483604175362212
mandril_color.tif,0.037,0.42,9.781642219163361,0.12663167233029596,10.773208649610213,0.15082100795971937,10.042069282313811,0.13071755221347978
mandril_gray.tif,0.037,0.42,9.722157163105173,0.092606115719027,10.671225480507262,0.11646894419620325,9.98847369902913,0.09633389758631455
peppers.png,0.037,0.42,10.039334004010431,0.05578097367267421,11.109045225512359,0.07094533630671578,10.35187463129171,0.05933415244629585
peppers_color.tif,0.037,0.42,10.049255952555473,0.10939692207736418,11.0962493940464,0.1287765243176852,10.365930039695918,0.1137600978208868
peppers_gray.tif,0.037,0.42,9.875478964809396,0.0513759117180153,11.000625601766114,0.0659562490533834,10.179888585199706,0.054454058118637995
pirate.tif,0.037,0.42,9.84146314159127,0.06300342333832405,11.019763092235799,0.08057574780308802,10.137947687982043,0.06614685812424564
tulips.png,0.037,0.42,9.949018171073707,0.07405012637469273,11.22824798079914,0.09630045790840835,10.26264898427164,0.07837277392054778
walkbridge.tif,0.037,0.42,9.884174823309316,0.10219816332293873,11.051668888297066,0.1278156421636884,10.171030710117241,0.10660568822696584
woman_blonde.tif,0.037,0.42,9.769145049009975,0.053505991604752855,10.667689398332552,0.06655171973223699,10.058713176621339,0.05623493109261425
woman_darkhair.tif,0.037,0.42,10.010963387215558,0.027477340894740725,11.355301181984334,0.03768378354328474,10.351011315645447,0.02951280340669366
HappyFish.jpg,0.074,0.25,14.069993089944838,0.21629583340500846,14.79540627092016,0.24123578973880702,13.287137609850445,0.2438077203248562
baboon.png,0.074,0.25,12.757734823071399,0.23618246745709431,14.36276135358705,0.2963456138582098,14.189312578348405,0.2690914308461745
barbara.bmp,0.074,0.25,12.89289344450795,0.1602844027801576,14.768847703560276,0.20993603876878622,14.54063025642412,0.19701876845403832
boat.png,0.074,0.25,12.807623387421383,0.1358216431089393,14.660256642364189,0.18966312339555796,14.491304126315107,0.16613650594008467
cameraman.tif,0.074,0.25,13.064208324934066,0.10706637914322678,15.095182881417736,0.15603351029669318,14.83211768985305,0.13228577098244468
fruits.png,0.074,0.25,13.138519085750467,0.0895541891141412,14.591288544075123,0.1241008970587526,14.840225143438976,0.11169672908902249
house.tif,0.074,0.25,13.073557641009321,0.0762551078721437,14.769067961155391,0.11362982513925161,14.835942014261,0.09988394750662868
jetplane.tif,0.074,0.25,13.331138250176453,0.12224311498971759,14.566731244007388,0.16506543218841402,14.973283476285332,0.14894930697372957
lake.tif,0.074,0.25,13.26131626006353,0.1641687898544841,15.067580685831082,0.2226330853777139,14.836995911690394,0.19637671957829347
lena.bmp,0.074,0.25,12.852970361857793,0.10451704189760903,14.71972042247667,0.15056577537172613,14.564916672351696,0.13199680955249293
lena_color_256.tif,0.074,0.25,12.825469316108881,0.15886399048044958,14.208644461644006,0.21388742045591624,14.422395839401574,0.194211928612297
lena_color_512.tif,0.074,0.25,12.869474156775741,0.10515113207434033,14.282281505108998,0.15007998207676304,14.538231836718964,0.1328025111105495
lena_gray_256.tif,0.074,0.25,12.849359076888218,0.165178612605237,14.671871017359495,0.2221812237851547,14.48538147797336,0.19924958922880268
lena_gray_512.tif,0.074,0.25,12.84462053475744,0.10095564126610439,14.737120543086228,0.14725394511471623,14.566282346332267,0.12758493022313638
livingroom.tif,0.074,0.25,12.782607174585179,0.1432391354826672,14.666710619996827,0.2002530735126407,14.456254165267584,0.17657975307909268
mandril_color.tif,0.074,0.25,12.77357639010549,0.24162619109729563,14.449423956838173,0.3023479578423958,14.21465183780008,0.27561739144465625
mandril_gray.tif,0.074,0.25,12.69294901964434,0.1851193958373335,14.47302687914619,0.2575759086059226,14.2577349777045,0.22223695595553467
peppers.png,0.074,0.25,13.11043384725,0.10697253276345396,14.896243938113203,0.15248403690844284,14.757883146888346,0.13514547462967003
peppers_color.tif,0.074,0.25,13.325571113458633,0.19714487471797773,15.006840097407501,0.2432570656651788,14.893580907759507,0.22629578392202399
peppers_gray.tif,0.074,0.25,12.946374073549478,0.10062594237062933,14.878923521266547,0.14661861805070006,14.658735782350568,0.12781858696590775
pirate.tif,0.074,0.25,12.893793189909301,0.1248496064736705,14.882845426006241,0.17961324935563716,14.567945576952843,0.1545579390941865
tulips.png,0.074,0.25,13.13064230323669,0.14521225490624426,15.190913425272441,0.21216988895157393,14.802608693433676,0.18253252907031273
walkbridge.tif,0.074,0.25,12.991572169980351,0.20334844205787578,14.83716720161089,0.2739909374363209,14.503100211662224,0.2403182675671671
woman_blonde.tif,0.074,0.25,12.762928519529158,0.1062446271489438,14.519987513256714,0.1494587006747501,14.457851844945571,0.1328793769269201
woman_darkhair.tif,0.074,0.25,13.241722790872528,0.05723896064783518,15.297822987146962,0.09375359479374612,15.000465330053519,0.07842987851687505
HappyFish.jpg,0.074,0.37929,11.048777769843003,0.1554840321026457,11.662143032086034,0.17148913715718958,10.511375408976855,0.16155538658026258
baboon.png,0.074,0.37929,10.268528041171281,0.14083114773096136,11.32664898465568,0.1697225310503127,10.642846662755332,0.14702059967552783
barbara.bmp,0.074,0.37929,10.337219388018429,0.09276517127792841,11.643256739073466,0.11418072949209548,10.755663452814971,0.09923775068947407
boat.png,0.074,0.37929,10.277369720737841,0.08045869301288623,11.38532344930756,0.10280155762466962,10.693497233313963,0.0856990123875205
cameraman.tif,0.074,0.37929,10.440069323993475,0.06492259293738699,11.656526722266987,0.084462315319031,10.89369826340102,0.0698995915278605
fruits.png,0.074,0.37929,10.53931582696208,0.054952219063710214,11.351942018606518,0.06843808804157515,11.000844604346856,0.058903927895546215
house.tif,0.074,0.37929,10.486242122741508,0.04388605948327042,11.615854986034622,0.05864099905225594,10.949691255035143,0.04800068828791779
jetplane.tif,0.074,0.37929,10.624663492576543,0.07450132514131369,11.318020608049785,0.09420412765721724,11.102129395612739,0.07989423872736719
lake.tif,0.074,0.37929,10.594946351345572,0.09855219075352467,11.862903180570736,0.12692941774934538,11.048960521186075,0.10526710165635496
lena.bmp,0.074,0.37929,10.321880193459203,0.060758221517423876,11.542060816673217,0.07998421047669435,10.76081196987737,0.06547792283699672
lena_color_256.tif,0.074,0.37929,10.341717512913897,0.09522291611637623,11.3833208724944,0.12032332030943892,10.75056716318896,0.10179443324578355
lena_color_512.tif,0.074,0.37929,10.348923501977351,0.061596832091704544,11.41289165249734,0.08020994118969853,10.777922676147313,0.06630850903850784
lena_gray_256.tif,0.074,0.37929,10.311677784775348,0.09868756924169181,11.485549697366755,0.12460326299134734,10.715140460406378,0.1049423486021325
lena_gray_512.tif,0.074,0.37929,10.316755561553517,0.05883961544446349,11.533300781036047,0.07801488896854993,10.748486587499295,0.06344056140834384
livingroom.tif,0.074,0.37929,10.262417261387506,0.08268287778671793,11.470186914654509,0.1064830025258287,10.672889803720615,0.0881944950234219
mandril_color.tif,0.074,0.37929,10.275737029495069,0.14385770904961132,11.416745309691574,0.17348593743408688,10.650293201396565,0.1503578891460191
mandril_gray.tif,0.074,0.37929,10.22136352653522,0.1052517735023883,11.32541695508855,0.13552833883326246,10.610775304947047,0.11148222360518516
peppers.png,0.074,0.37929,10.565188078503564,0.06370416280358046,11.79712051470088,0.08290603443473116,11.008490739643976,0.06889064237551444
peppers_color.tif,0.074,0.37929,10.632769457962993,0.1248452466705478,11.821363008393531,0.14855546735646769,11.083736596859087,0.13160089316343954
peppers_gray.tif,0.074,0.37929,10.391628868457037,0.059330606715979624,11.675189084096587,0.07818372070037524,10.832581139880142,0.06419086728609412
pirate.tif,0.074,0.37929,10.360706305280862,0.07192855224323512,11.716294919071405,0.0947036618652896,10.797392956638461,0.07715386104095978
tulips.png,0.074,0.37929,10.487851900568392,0.08464426039234012,11.939819838106207,0.1129967581965099,10.93934496072993,0.09140847559950069
walkbridge.tif,0.074,0.37929,10.426612099446102,0.11793276347687287,11.758261019494478,0.15065944301554587,10.84340118391091,0.12512367314850548
woman_blonde.tif,0.074,0.37929,10.245961288516979,0.05960197959443781,11.30328767602017,0.07589616663981034,10.669415606466925,0.06389129043138211
woman_darkhair.tif,0.074,0.37929,10.573455607189947,0.03143185588921666,12.096423942864757,0.044700109645972375,11.056078083064358,0.03472186795851168
HappyFish.jpg,0.074,0.42,10.375533984642134,0.13728350829882305,10.893664966220907,0.1514708654428075,9.856097176140931,0.14135261446939382
baboon.png,0.074,0.42,9.755417737547262,0.12147599699207277,10.647798719029689,0.14464409352102822,10.015632403793637,0.1256108516020361
barbara.bmp,0.074,0.42,9.833867405674534,0.08148430794257315,10.972842831433756,0.09869637581597869,10.12203206262215,0.08548505789754422
boat.png,0.074,0.42,9.784979526740493,0.07041392306981833,10.726503515367863,0.08841428527080601,10.071925782793066,0.0738141184519903
cameraman.tif,0.074,0.42,9.925437582228126,0.05856166431929449,10.981583632010494,0.07439691983638445,10.24584390133601,0.06178278788724516
fruits.png,0.074,0.42,9.992153406146212,0.047626170413686726,10.658769840230462,0.058157046975530736,10.31594060394774,0.050088895067867394
house.tif,0.074,0.42,9.941275384387444,0.0392511700068959,10.92664412210059,0.05136267004655249,10.266777767601534,0.0419960254561973
jetplane.tif,0.074,0.42,10.058763907374237,0.06569971646076227,10.627250221875588,0.08125554600892648,10.397179813401836,0.06929118453805135
lake.tif,0.074,0.42,10.034676488034133,0.08728462436798232,11.148357595835968,0.1108132693560447,10.353398188050896,0.091562984991102
lena.bmp,0.074,0.42,9.809752744762944,0.05190513566075784,10.853116848725719,0.06677460158313522,10.109266356722369,0.054918236232689606
lena_color_256.tif,0.074,0.42,9.829575044913543,0.08223433499223504,10.776467291023678,0.10330513043157946,10.115520446321167,0.08654403769058559
lena_color_512.tif,0.074,0.42,9.847858032942954,0.05331208862872996,10.797594998678425,0.06806581615322144,10.146173113741659,0.056356034056295856
lena_gray_256.tif,0.074,0.42,9.820561611427793,0.08703933709368959,10.84022771084163,0.10840447572003116,10.108764762597826,0.09153015226493118
lena_gray_512.tif,0.074,0.42,9.807593316756707,0.051763995244034876,10.856968767850027,0.06693600857508708,10.104810275365182,0.054741497880811646
livingroom.tif,0.074,0.42,9.775736247791988,0.0722970120396792,10.810811178624306,0.09092054594391785,10.061336280418349,0.07590970909543952
mandril_color.tif,0.074,0.42,9.79138762104163,0.12490657865251785,10.772545123196052,0.1488444745222003,10.05337913820705,0.12915091822318864
mandril_gray.tif,0.074,0.42,9.74878084215345,0.09200752923959733,10.712392534661097,0.11632312999456737,10.02214641158643,0.09565294687782805
peppers.png,0.074,0.42,10.038078235020414,0.05590447890386428,11.12756966118262,0.07143456166551569,10.351243453901835,0.05934768736056909
peppers_color.tif,0.074,0.42,10.055237937505407,0.1107824148419312,11.098376288091158,0.1303260087299627,10.368982651207059,0.11509406679037575
peppers_gray.tif,0.074,0.42,9.87538050629571,0.05203100161452427,10.999978209822848,0.06683977616087314,10.185568408235389,0.05531108067479359
pirate.tif,0.074,0.42,9.853101029449098,0.06210986905763251,11.040783493335809,0.0795778575709819,10.15275001498583,0.06510014376256677
tulips.png,0.074,0.42,9.94399243087424,0.07402885665003076,11.242284111000595,0.09678865707866853,10.262739845488678,0.07853117245606243
walkbridge.tif,0.074,0.42,9.880270310443649,0.10212549820227562,11.064566880450656,0.12807532993290383,10.173359513395235,0.10660849015781301
woman_blonde.tif,0.074,0.42,9.737570886830817,0.052739607196553975,10.633107743919757,0.06551147315180558,10.028499764541783,0.05552100043462547
woman_darkhair.tif,0.074,0.42,10.010064671245626,0.027133454022019724,11.355054635144784,0.037283978933429746,10.348025083564945,0.029158353086079503
